date,zone,longitude,latitude,temperature,pm2_5,pm10,smog
"May 06, 2023, 12:00 AM",82,-16.5628,13.441,24.894847869873047,18.221071243286133,10.477110862731934,
"May 06, 2023, 01:00 AM",82,-16.5628,13.441,24.145156860351562,18.305835723876953,10.431607246398926,
"May 06, 2023, 02:00 AM",82,-16.5628,13.441,23.622657775878906,18.334239959716797,10.498163223266602,
"May 06, 2023, 03:00 AM",82,-16.5628,13.441,23.363243103027344,18.303815841674805,10.664594650268555,
"May 06, 2023, 04:00 AM",82,-16.5628,13.441,23.384889602661133,18.216150283813477,10.913128852844238,
"May 06, 2023, 05:00 AM",82,-16.5628,13.441,23.686429977416992,18.076759338378906,11.22033977508545,
"May 06, 2023, 06:00 AM",82,-16.5628,13.441,24.24761199951172,17.894596099853516,11.55937385559082,
"May 06, 2023, 07:00 AM",82,-16.5628,13.441,25.030475616455078,17.681591033935547,11.901077270507812,
"May 06, 2023, 08:00 AM",82,-16.5628,13.441,25.981903076171875,17.45172119140625,12.217355728149414,
"May 06, 2023, 09:00 AM",82,-16.5628,13.441,27.037277221679688,17.220064163208008,12.48148250579834,
"May 06, 2023, 10:00 AM",82,-16.5628,13.441,28.124835968017578,17.001827239990234,12.671324729919434,
"May 06, 2023, 11:00 AM",82,-16.5628,13.441,29.17055892944336,16.811321258544922,12.770200729370117,
"May 06, 2023, 12:00 PM",82,-16.5628,13.441,30.103248596191406,16.660888671875,12.767189979553223,
"May 06, 2023, 01:00 PM",82,-16.5628,13.441,30.85935401916504,16.56017303466797,12.659160614013672,
"May 06, 2023, 02:00 PM",82,-16.5628,13.441,31.387313842773438,16.51540756225586,12.450179100036621,
"May 06, 2023, 03:00 PM",82,-16.5628,13.441,31.651103973388672,16.52894401550293,12.150638580322266,
"May 06, 2023, 04:00 PM",82,-16.5628,13.441,31.63266372680664,16.599260330200195,11.776904106140137,
"May 06, 2023, 05:00 PM",82,-16.5628,13.441,31.33316993713379,16.72089958190918,11.350555419921875,
"May 06, 2023, 06:00 PM",82,-16.5628,13.441,30.77295684814453,16.884967803955078,10.896125793457031,
"May 06, 2023, 07:00 PM",82,-16.5628,13.441,29.990142822265625,17.079666137695312,10.440010070800781,
"May 06, 2023, 08:00 PM",82,-16.5628,13.441,29.038066864013672,17.29111099243164,10.007046699523926,
"May 06, 2023, 09:00 PM",82,-16.5628,13.441,27.981624603271484,17.504304885864258,9.621251106262207,
"May 06, 2023, 10:00 PM",82,-16.5628,13.441,26.892873764038086,17.704206466674805,9.30256462097168,
"May 06, 2023, 11:00 PM",82,-16.5628,13.441,25.84613037109375,17.876605987548828,9.06599235534668,
"May 07, 2023, 12:00 AM",82,-16.5628,13.441,24.91289520263672,18.009294509887695,8.9208345413208,
"May 07, 2023, 01:00 AM",82,-16.5628,13.441,24.156978607177734,18.09271812438965,8.869665145874023,
"May 07, 2023, 02:00 AM",82,-16.5628,13.441,23.63015365600586,18.12065887451172,8.908592224121094,
"May 07, 2023, 03:00 AM",82,-16.5628,13.441,23.368602752685547,18.090787887573242,9.028002738952637,
"May 07, 2023, 04:00 AM",82,-16.5628,13.441,23.39045524597168,18.004608154296875,9.213003158569336,
"May 07, 2023, 05:00 AM",82,-16.5628,13.441,23.69452476501465,17.86756706237793,9.443971633911133,
"May 07, 2023, 06:00 AM",82,-16.5628,13.441,24.260387420654297,17.68848991394043,9.699284553527832,
"May 07, 2023, 07:00 AM",82,-16.5628,13.441,25.049772262573242,17.479055404663086,9.955303192138672,
"May 07, 2023, 08:00 AM",82,-16.5628,13.441,26.00912857055664,17.253013610839844,10.189393043518066,
"May 07, 2023, 09:00 AM",82,-16.5628,13.441,27.07328224182129,17.02524757385254,10.380903244018555,
"May 07, 2023, 10:00 AM",82,-16.5628,13.441,28.169876098632812,16.810688018798828,10.511828422546387,
"May 07, 2023, 11:00 AM",82,-16.5628,13.441,29.224285125732422,16.623401641845703,10.569311141967773,
"May 07, 2023, 12:00 PM",82,-16.5628,13.441,30.16471290588379,16.475549697875977,10.54577922821045,
"May 07, 2023, 01:00 PM",82,-16.5628,13.441,30.927093505859375,16.376564025878906,10.43886661529541,
"May 07, 2023, 02:00 PM",82,-16.5628,13.441,31.459442138671875,16.332584381103516,10.251913070678711,
"May 07, 2023, 03:00 PM",82,-16.5628,13.441,31.725421905517578,16.345956802368164,9.994104385375977,
"May 07, 2023, 04:00 PM",82,-16.5628,13.441,31.706836700439453,16.415172576904297,9.679004669189453,
"May 07, 2023, 05:00 PM",82,-16.5628,13.441,31.404869079589844,16.534852981567383,9.324002265930176,
"May 07, 2023, 06:00 PM",82,-16.5628,13.441,30.84002113342285,16.696277618408203,8.94835090637207,
"May 07, 2023, 07:00 PM",82,-16.5628,13.441,30.050748825073242,16.88775634765625,8.572304725646973,
"May 07, 2023, 08:00 PM",82,-16.5628,13.441,29.09081268310547,17.095727920532227,8.216085433959961,
"May 07, 2023, 09:00 PM",82,-16.5628,13.441,28.025651931762695,17.305416107177734,7.897864818572998,
"May 07, 2023, 10:00 PM",82,-16.5628,13.441,26.92792320251465,17.502016067504883,7.632983207702637,
"May 07, 2023, 11:00 PM",82,-16.5628,13.441,25.8725528717041,17.671634674072266,7.432397842407227,
"May 08, 2023, 12:00 AM",82,-16.5628,13.441,24.931638717651367,17.802127838134766,7.3024396896362305,
"May 08, 2023, 01:00 AM",82,-16.5628,13.441,24.169513702392578,17.884180068969727,7.244800567626953,
"May 08, 2023, 02:00 AM",82,-16.5628,13.441,23.638376235961914,17.911712646484375,7.256185054779053,
"May 08, 2023, 03:00 AM",82,-16.5628,13.441,23.37470245361328,17.88239097595215,7.328132629394531,
"May 08, 2023, 04:00 AM",82,-16.5628,13.441,23.39676856994629,17.797706604003906,7.448786735534668,
"May 08, 2023, 05:00 AM",82,-16.5628,13.441,23.70337677001953,17.66305160522461,7.603273868560791,
"May 08, 2023, 06:00 AM",82,-16.5628,13.441,24.27394676208496,17.48701286315918,7.774205684661865,
"May 08, 2023, 07:00 AM",82,-16.5628,13.441,25.069868087768555,17.28116226196289,7.944309711456299,
"May 08, 2023, 08:00 AM",82,-16.5628,13.441,26.037155151367188,17.058979034423828,8.095990180969238,
"May 08, 2023, 09:00 AM",82,-16.5628,13.441,27.11009979248047,16.835113525390625,8.213988304138184,
"May 08, 2023, 10:00 AM",82,-16.5628,13.441,28.215740203857422,16.624267578125,8.285794258117676,
"May 08, 2023, 11:00 AM",82,-16.5628,13.441,29.278850555419922,16.440196990966797,8.301933288574219,
"May 08, 2023, 12:00 PM",82,-16.5628,13.441,30.227041244506836,16.294906616210938,8.256963729858398,
"May 08, 2023, 01:00 PM",82,-16.5628,13.441,30.995710372924805,16.197660446166992,8.150239944458008,
"May 08, 2023, 02:00 PM",82,-16.5628,13.441,31.532453536987305,16.154497146606445,7.985121726989746,
"May 08, 2023, 03:00 PM",82,-16.5628,13.441,31.800640106201172,16.167720794677734,7.769093036651611,
"May 08, 2023, 04:00 PM",82,-16.5628,13.441,31.781909942626953,16.235870361328125,7.51242733001709,
"May 08, 2023, 05:00 PM",82,-16.5628,13.441,31.47748565673828,16.35359001159668,7.227869987487793,
"May 08, 2023, 06:00 PM",82,-16.5628,13.441,30.908029556274414,16.512319564819336,6.930140018463135,
"May 08, 2023, 07:00 PM",82,-16.5628,13.441,30.1123046875,16.700626373291016,6.634159088134766,
"May 08, 2023, 08:00 PM",82,-16.5628,13.441,29.144527435302734,16.905134201049805,6.35445499420166,
"May 08, 2023, 09:00 PM",82,-16.5628,13.441,28.070663452148438,17.111324310302734,6.103372573852539,
"May 08, 2023, 10:00 PM",82,-16.5628,13.441,26.963958740234375,17.304668426513672,5.891674995422363,
"May 08, 2023, 11:00 PM",82,-16.5628,13.441,25.89998435974121,17.471437454223633,5.726290702819824,
"May 09, 2023, 12:00 AM",82,-16.5628,13.441,24.95140838623047,17.599777221679688,5.611471176147461,
"May 09, 2023, 01:00 AM",82,-16.5628,13.441,24.183086395263672,17.68049430847168,5.547113418579102,
"May 09, 2023, 02:00 AM",82,-16.5628,13.441,23.64764404296875,17.707612991333008,5.53016471862793,
"May 09, 2023, 03:00 AM",82,-16.5628,13.441,23.381855010986328,17.67888069152832,5.554421424865723,
"May 09, 2023, 04:00 AM",82,-16.5628,13.441,23.40415382385254,17.59571647644043,5.610495090484619,
"May 09, 2023, 05:00 AM",82,-16.5628,13.441,23.71332359313965,17.463394165039062,5.6878886222839355,
"May 09, 2023, 06:00 AM",82,-16.5628,13.441,24.288604736328125,17.29042625427246,5.774231910705566,
"May 09, 2023, 07:00 AM",82,-16.5628,13.441,25.09107780456543,17.088167190551758,5.857572555541992,
"May 09, 2023, 08:00 AM",82,-16.5628,13.441,26.066312789916992,16.8698673248291,5.926416397094727,
"May 09, 2023, 09:00 AM",82,-16.5628,13.441,27.14805793762207,16.649927139282227,5.971195220947266,
"May 09, 2023, 10:00 AM",82,-16.5628,13.441,28.26276969909668,16.44276237487793,5.982991695404053,
"May 09, 2023, 11:00 AM",82,-16.5628,13.441,29.3345947265625,16.261930465698242,5.956877708435059,
"May 09, 2023, 12:00 PM",82,-16.5628,13.441,30.290557861328125,16.119218826293945,5.890294551849365,
"May 09, 2023, 01:00 PM",82,-16.5628,13.441,31.065528869628906,16.023725509643555,5.783596038818359,
"May 09, 2023, 02:00 PM",82,-16.5628,13.441,31.606674194335938,15.981428146362305,5.640401363372803,
"May 09, 2023, 03:00 PM",82,-16.5628,13.441,31.877079010009766,15.994518280029297,5.465251922607422,
"May 09, 2023, 04:00 PM",82,-16.5628,13.441,31.858238220214844,16.061546325683594,5.266133785247803,
"May 09, 2023, 05:00 PM",82,-16.5628,13.441,31.551366806030273,16.177324295043945,5.05185604095459,
"May 09, 2023, 06:00 PM",82,-16.5628,13.441,30.977317810058594,16.333402633666992,4.832090377807617,
"May 09, 2023, 07:00 PM",82,-16.5628,13.441,30.175155639648438,16.518539428710938,4.615757465362549,
"May 09, 2023, 08:00 PM",82,-16.5628,13.441,29.199525833129883,16.71961212158203,4.41195821762085,
"May 09, 2023, 09:00 PM",82,-16.5628,13.441,28.116973876953125,16.922332763671875,4.227612495422363,
"May 09, 2023, 10:00 PM",82,-16.5628,13.441,27.001338958740234,17.112384796142578,4.068696022033691,
"May 09, 2023, 11:00 PM",82,-16.5628,13.441,25.92876625061035,17.276342391967773,3.9382925033569336,
"May 10, 2023, 12:00 AM",82,-16.5628,13.441,24.9725341796875,17.402530670166016,3.8378405570983887,
"May 10, 2023, 01:00 AM",82,-16.5628,13.441,24.198028564453125,17.481922149658203,3.766366481781006,
"May 10, 2023, 02:00 AM",82,-16.5628,13.441,23.65829849243164,17.508676528930664,3.7210640907287598,
"May 10, 2023, 03:00 AM",82,-16.5628,13.441,23.39042091369629,17.48048973083496,3.697044849395752,
"May 10, 2023, 04:00 AM",82,-16.5628,13.441,23.412960052490234,17.39883804321289,3.6881446838378906,
"May 10, 2023, 05:00 AM",82,-16.5628,13.441,23.724700927734375,17.268892288208008,3.687835693359375,
"May 10, 2023, 06:00 AM",82,-16.5628,13.441,24.304710388183594,17.09902000427246,3.6891870498657227,
"May 10, 2023, 07:00 AM",82,-16.5628,13.441,25.113746643066406,16.900379180908203,3.686041831970215,
"May 10, 2023, 08:00 AM",82,-16.5628,13.441,26.096942901611328,16.68597984313965,3.6716771125793457,
"May 10, 2023, 09:00 AM",82,-16.5628,13.441,27.187511444091797,16.469945907592773,3.6418967247009277,
"May 10, 2023, 10:00 AM",82,-16.5628,13.441,28.31130599975586,16.2664794921875,3.5935277938842773,
"May 10, 2023, 11:00 AM",82,-16.5628,13.441,29.39185905456543,16.088911056518555,3.525015354156494,
"May 10, 2023, 12:00 PM",82,-16.5628,13.441,30.355613708496094,15.948786735534668,3.4366908073425293,
"May 10, 2023, 01:00 PM",82,-16.5628,13.441,31.136892318725586,15.855093955993652,3.3298888206481934,
"May 10, 2023, 02:00 PM",82,-16.5628,13.441,31.68246841430664,15.813610076904297,3.2072293758392334,
"May 10, 2023, 03:00 PM",82,-16.5628,13.441,31.95510482788086,15.826568603515625,3.072824716567993,
"May 10, 2023, 04:00 PM",82,-16.5628,13.441,31.936166763305664,15.892523765563965,2.9313626289367676,
"May 10, 2023, 05:00 PM",82,-16.5628,13.441,31.62686538696289,16.006372451782227,2.786977767944336,
"May 10, 2023, 06:00 PM",82,-16.5628,13.441,31.04821014404297,16.159826278686523,2.644566059112549,
"May 10, 2023, 07:00 PM",82,-16.5628,13.441,30.239625930786133,16.341829299926758,2.5075066089630127,
"May 10, 2023, 08:00 PM",82,-16.5628,13.441,29.25619888305664,16.539430618286133,2.3792359828948975,
"May 10, 2023, 09:00 PM",82,-16.5628,13.441,28.16497039794922,16.738685607910156,2.2612497806549072,
"May 10, 2023, 10:00 PM",82,-16.5628,13.441,27.040395736694336,16.92547607421875,2.1545426845550537,
"May 10, 2023, 11:00 PM",82,-16.5628,13.441,25.959243774414062,17.086641311645508,2.0587503910064697,
"May 11, 2023, 12:00 AM",82,-16.5628,13.441,24.99536895751953,17.21072769165039,1.9726767539978027,
"May 11, 2023, 01:00 AM",82,-16.5628,13.441,24.21470069885254,17.28881072998047,1.8939149379730225,
"May 11, 2023, 02:00 AM",82,-16.5628,13.441,23.670700073242188,17.315141677856445,1.8195066452026367,
"May 11, 2023, 03:00 AM",82,-16.5628,13.441,23.40074348449707,17.28754234313965,1.7466413974761963,
"May 11, 2023, 04:00 AM",82,-16.5628,13.441,23.423542022705078,17.20743179321289,1.6723930835723877,
"May 11, 2023, 05:00 AM",82,-16.5628,13.441,23.737869262695312,17.079875946044922,1.5944371223449707,
"May 11, 2023, 06:00 AM",82,-16.5628,13.441,24.322616577148438,16.91313362121582,1.5106687545776367,
"May 11, 2023, 07:00 AM",82,-16.5628,13.441,25.13823890686035,16.71808433532715,1.4197760820388794,
"May 11, 2023, 08:00 AM",82,-16.5628,13.441,26.129413604736328,16.507583618164062,1.321824550628662,
"May 11, 2023, 09:00 AM",82,-16.5628,13.441,27.228816986083984,16.295480728149414,1.217592477798462,
"May 11, 2023, 10:00 AM",82,-16.5628,13.441,28.361713409423828,16.09574317932129,1.108957052230835,
"May 11, 2023, 11:00 AM",82,-16.5628,13.441,29.451000213623047,15.921463012695312,0.997955322265625,
"May 11, 2023, 12:00 PM",82,-16.5628,13.441,30.422550201416016,15.783950805664062,0.8870232105255127,
"May 11, 2023, 01:00 PM",82,-16.5628,13.441,31.210174560546875,15.692009925842285,0.7792487144470215,
"May 11, 2023, 02:00 PM",82,-16.5628,13.441,31.760196685791016,15.65137767791748,0.6775381565093994,
"May 11, 2023, 03:00 PM",82,-16.5628,13.441,32.03508377075195,15.664222717285156,0.5835235118865967,
"May 11, 2023, 04:00 PM",82,-16.5628,13.441,32.016048431396484,15.729125022888184,0.4988720417022705,
"May 11, 2023, 05:00 PM",82,-16.5628,13.441,31.704317092895508,15.841082572937012,0.42428117990493774,
"May 11, 2023, 06:00 PM",82,-16.5628,13.441,31.121112823486328,15.991881370544434,0.3588794469833374,
"May 11, 2023, 07:00 PM",82,-16.5628,13.441,30.306121826171875,16.170743942260742,0.3007470369338989,
"May 11, 2023, 08:00 PM",82,-16.5628,13.441,29.31488609313965,16.364919662475586,0.24744391441345215,
"May 11, 2023, 09:00 PM",82,-16.5628,13.441,28.21500015258789,16.560714721679688,0.1954820156097412,
"May 11, 2023, 10:00 PM",82,-16.5628,13.441,27.081501007080078,16.74429702758789,0.1410510540008545,
"May 11, 2023, 11:00 PM",82,-16.5628,13.441,25.991783142089844,16.902679443359375,0.07973086833953857,
"May 12, 2023, 12:00 AM",82,-16.5628,13.441,25.020294189453125,17.02461051940918,0.007302641868591309,
"May 12, 2023, 01:00 AM",82,-16.5628,13.441,24.23347282409668,17.10139274597168,-0.07947587966918945,
"May 12, 2023, 02:00 AM",82,-16.5628,13.441,23.685216903686523,17.12735939025879,-0.183135986328125,
"May 12, 2023, 03:00 AM",82,-16.5628,13.441,23.413196563720703,17.100343704223633,-0.304776668548584,
"May 12, 2023, 04:00 AM",82,-16.5628,13.441,23.436267852783203,17.02181053161621,-0.4444824457168579,
"May 12, 2023, 05:00 AM",82,-16.5628,13.441,23.75319480895996,16.896650314331055,-0.6008373498916626,
"May 12, 2023, 06:00 AM",82,-16.5628,13.441,24.34270477294922,16.73301124572754,-0.7705060243606567,
"May 12, 2023, 07:00 AM",82,-16.5628,13.441,25.16492462158203,16.54159164428711,-0.9490319490432739,
"May 12, 2023, 08:00 AM",82,-16.5628,13.441,26.164094924926758,16.335010528564453,-1.130646824836731,
"May 12, 2023, 09:00 AM",82,-16.5628,13.441,27.27235221862793,16.126850128173828,-1.309646487236023,
"May 12, 2023, 10:00 AM",82,-16.5628,13.441,28.414344787597656,15.930882453918457,-1.479117512702942,
"May 12, 2023, 11:00 AM",82,-16.5628,13.441,29.51240348815918,15.759848594665527,-1.6334506273269653,
"May 12, 2023, 12:00 PM",82,-16.5628,13.441,30.491777420043945,15.624953269958496,-1.7667886018753052,
"May 12, 2023, 01:00 PM",82,-16.5628,13.441,31.285751342773438,15.534811019897461,-1.875594973564148,
"May 12, 2023, 02:00 PM",82,-16.5628,13.441,31.840221405029297,15.495047569274902,-1.9571970701217651,
"May 12, 2023, 03:00 PM",82,-16.5628,13.441,32.11736297607422,15.507821083068848,-2.0108695030212402,
"May 12, 2023, 04:00 PM",82,-16.5628,13.441,32.0982551574707,15.571660995483398,-2.0387778282165527,
"May 12, 2023, 05:00 PM",82,-16.5628,13.441,31.784141540527344,15.681696891784668,-2.0441317558288574,
"May 12, 2023, 06:00 PM",82,-16.5628,13.441,31.19637680053711,15.829880714416504,-2.033074378967285,
"May 12, 2023, 07:00 PM",82,-16.5628,13.441,30.37499237060547,16.005615234375,-2.012580394744873,
"May 12, 2023, 08:00 PM",82,-16.5628,13.441,29.3759708404541,16.196380615234375,-1.9910012483596802,
"May 12, 2023, 09:00 PM",82,-16.5628,13.441,28.267436981201172,16.388763427734375,-1.9768086671829224,
"May 12, 2023, 10:00 PM",82,-16.5628,13.441,27.12504005432129,16.5690860748291,-1.9796909093856812,
"May 12, 2023, 11:00 PM",82,-16.5628,13.441,26.02677345275879,16.72468376159668,-2.007246494293213,
"May 13, 2023, 12:00 AM",82,-16.5628,13.441,25.047679901123047,16.844507217407227,-2.066129207611084,
"May 13, 2023, 01:00 AM",82,-16.5628,13.441,24.254722595214844,16.92000389099121,-2.1608214378356934,
"May 13, 2023, 02:00 AM",82,-16.5628,13.441,23.70222282409668,16.945642471313477,-2.293818473815918,
"May 13, 2023, 03:00 AM",82,-16.5628,13.441,23.42815399169922,16.919254302978516,-2.4649386405944824,
"May 13, 2023, 04:00 AM",82,-16.5628,13.441,23.451519012451172,16.842243194580078,-2.6708269119262695,
"May 13, 2023, 05:00 AM",82,-16.5628,13.441,23.77106475830078,16.719507217407227,-2.905667304992676,
"May 13, 2023, 06:00 AM",82,-16.5628,13.441,24.365352630615234,16.55898666381836,-3.1610727310180664,
"May 13, 2023, 07:00 AM",82,-16.5628,13.441,25.194183349609375,16.371198654174805,-3.4275131225585938,
"May 13, 2023, 08:00 AM",82,-16.5628,13.441,26.201353073120117,16.168582916259766,-3.6933131217956543,
"May 13, 2023, 09:00 AM",82,-16.5628,13.441,27.3184814453125,15.96438980102539,-3.9473681449890137,
"May 13, 2023, 10:00 AM",82,-16.5628,13.441,28.46961212158203,15.77212905883789,-4.17795467376709,
"May 13, 2023, 11:00 AM",82,-16.5628,13.441,29.576446533203125,15.604388236999512,-4.3756422996521,
"May 13, 2023, 12:00 PM",82,-16.5628,13.441,30.563648223876953,15.472115516662598,-4.532198429107666,
"May 13, 2023, 01:00 PM",82,-16.5628,13.441,31.36398696899414,15.383788108825684,-4.64231538772583,
"May 13, 2023, 02:00 PM",82,-16.5628,13.441,31.922922134399414,15.344932556152344,-4.703551769256592,
"May 13, 2023, 03:00 PM",82,-16.5628,13.441,32.202354431152344,15.357582092285156,-4.717418193817139,
"May 13, 2023, 04:00 PM",82,-16.5628,13.441,32.18318557739258,15.420392990112305,-4.6888580322265625,
"May 13, 2023, 05:00 PM",82,-16.5628,13.441,31.866687774658203,15.52852725982666,-4.625500679016113,
"May 13, 2023, 06:00 PM",82,-16.5628,13.441,31.274383544921875,15.674124717712402,-4.5380096435546875,
"May 13, 2023, 07:00 PM",82,-16.5628,13.441,30.446619033813477,15.846761703491211,-4.438679218292236,
"May 13, 2023, 08:00 PM",82,-16.5628,13.441,29.43982696533203,16.03411865234375,-4.342503070831299,
"May 13, 2023, 09:00 PM",82,-16.5628,13.441,28.322673797607422,16.223031997680664,-4.263304233551025,
"May 13, 2023, 10:00 PM",82,-16.5628,13.441,27.171390533447266,16.400142669677734,-4.214681148529053,
"May 13, 2023, 11:00 PM",82,-16.5628,13.441,26.064590454101562,16.552982330322266,-4.208315372467041,
"May 14, 2023, 12:00 AM",82,-16.5628,13.441,25.07790756225586,16.670700073242188,-4.253912925720215,
"May 14, 2023, 01:00 AM",82,-16.5628,13.441,24.278825759887695,16.744956970214844,-4.356976509094238,
"May 14, 2023, 02:00 AM",82,-16.5628,13.441,23.72210693359375,16.770214080810547,-4.519986152648926,
"May 14, 2023, 03:00 AM",82,-16.5628,13.441,23.446002960205078,16.744441986083984,-4.740640640258789,
"May 14, 2023, 04:00 AM",82,-16.5628,13.441,23.46967887878418,16.66900062561035,-5.0125250816345215,
"May 14, 2023, 05:00 AM",82,-16.5628,13.441,23.791860580444336,16.548690795898438,-5.326096534729004,
"May 14, 2023, 06:00 AM",82,-16.5628,13.441,24.390928268432617,16.391328811645508,-5.667710304260254,
"May 14, 2023, 07:00 AM",82,-16.5628,13.441,25.22639274597168,16.207199096679688,-6.022310256958008,
"May 14, 2023, 08:00 AM",82,-16.5628,13.441,26.241592407226562,16.008485794067383,-6.372539520263672,
"May 14, 2023, 09:00 AM",82,-16.5628,13.441,27.367599487304688,15.808259010314941,-6.701889514923096,
"May 14, 2023, 10:00 AM",82,-16.5628,13.441,28.527875900268555,15.619759559631348,-6.994112491607666,
"May 14, 2023, 11:00 AM",82,-16.5628,13.441,29.643503189086914,15.455312728881836,-7.2353949546813965,
"May 14, 2023, 12:00 PM",82,-16.5628,13.441,30.638547897338867,15.325718879699707,-7.41486120223999,
"May 14, 2023, 01:00 PM",82,-16.5628,13.441,31.445266723632812,15.239200592041016,-7.526247501373291,
"May 14, 2023, 02:00 PM",82,-16.5628,13.441,32.008697509765625,15.201199531555176,-7.56790018081665,
"May 14, 2023, 03:00 PM",82,-16.5628,13.441,32.29042053222656,15.21377182006836,-7.5424628257751465,
"May 14, 2023, 04:00 PM",82,-16.5628,13.441,32.27121353149414,15.275556564331055,-7.457658290863037,
"May 14, 2023, 05:00 PM",82,-16.5628,13.441,31.952350616455078,15.381810188293457,-7.325297832489014,
"May 14, 2023, 06:00 PM",82,-16.5628,13.441,31.35551643371582,15.524823188781738,-7.161357402801514,
"May 14, 2023, 07:00 PM",82,-16.5628,13.441,30.521398544311523,15.694332122802734,-6.984385013580322,
"May 14, 2023, 08:00 PM",82,-16.5628,13.441,29.506853103637695,15.878302574157715,-6.813815593719482,
"May 14, 2023, 09:00 PM",82,-16.5628,13.441,28.381088256835938,16.063785552978516,-6.669152736663818,
"May 14, 2023, 10:00 PM",82,-16.5628,13.441,27.220935821533203,16.237680435180664,-6.569251537322998,
"May 14, 2023, 11:00 PM",82,-16.5628,13.441,26.105609893798828,16.387802124023438,-6.5293869972229,
"May 15, 2023, 12:00 AM",82,-16.5628,13.441,25.11135482788086,16.50343132019043,-6.561917304992676,
"May 15, 2023, 01:00 AM",82,-16.5628,13.441,24.30617904663086,16.57638168334961,-6.67378568649292,
"May 15, 2023, 02:00 AM",82,-16.5628,13.441,23.745250701904297,16.601299285888672,-6.866586208343506,
"May 15, 2023, 03:00 AM",82,-16.5628,13.441,23.467132568359375,16.576154708862305,-7.136979579925537,
"May 15, 2023, 04:00 AM",82,-16.5628,13.441,23.491125106811523,16.502290725708008,-7.4755167961120605,
"May 15, 2023, 05:00 AM",82,-16.5628,13.441,23.815954208374023,16.38443374633789,-7.8677897453308105,
"May 15, 2023, 06:00 AM",82,-16.5628,13.441,24.41983413696289,16.230199813842773,-8.295818328857422,
"May 15, 2023, 07:00 AM",82,-16.5628,13.441,25.261940002441406,16.04972267150879,-8.738776206970215,
"May 15, 2023, 08:00 AM",82,-16.5628,13.441,26.28518295288086,15.854948043823242,-9.173900604248047,
"May 15, 2023, 09:00 AM",82,-16.5628,13.441,27.420087814331055,15.658703804016113,-9.578753471374512,
"May 15, 2023, 10:00 AM",82,-16.5628,13.441,28.589519500732422,15.473994255065918,-9.932258605957031,
"May 15, 2023, 11:00 AM",82,-16.5628,13.441,29.71395492553711,15.312859535217285,-10.21704387664795,
"May 15, 2023, 12:00 PM",82,-16.5628,13.441,30.716869354248047,15.185872077941895,-10.420169830322266,
"May 15, 2023, 01:00 PM",82,-16.5628,13.441,31.529987335205078,15.101174354553223,-10.533568382263184,
"May 15, 2023, 02:00 PM",82,-16.5628,13.441,32.09791564941406,15.064064979553223,-10.555543899536133,
"May 15, 2023, 03:00 PM",82,-16.5628,13.441,32.3819580078125,15.076560020446777,-10.490443229675293,
"May 15, 2023, 04:00 PM",82,-16.5628,13.441,32.36271667480469,15.137343406677246,-10.349308967590332,
"May 15, 2023, 05:00 PM",82,-16.5628,13.441,32.04149627685547,15.241732597351074,-10.148665428161621,
"May 15, 2023, 06:00 PM",82,-16.5628,13.441,31.440166473388672,15.38212776184082,-9.908960342407227,
"May 15, 2023, 07:00 PM",82,-16.5628,13.441,30.599712371826172,15.548524856567383,-9.654027938842773,
"May 15, 2023, 08:00 PM",82,-16.5628,13.441,29.57742691040039,15.729107856750488,-9.408997535705566,
"May 15, 2023, 09:00 PM",82,-16.5628,13.441,28.443065643310547,15.91117000579834,-9.199503898620605,
"May 15, 2023, 10:00 PM",82,-16.5628,13.441,27.274045944213867,16.081893920898438,-9.048260688781738,
"May 15, 2023, 11:00 PM",82,-16.5628,13.441,26.150232315063477,16.229228973388672,-8.975299835205078,
"May 16, 2023, 12:00 AM",82,-16.5628,13.441,25.14841651916504,16.3427677154541,-8.994699478149414,
"May 16, 2023, 01:00 AM",82,-16.5628,13.441,24.33715057373047,16.41445541381836,-9.11532211303711,
"May 16, 2023, 02:00 AM",82,-16.5628,13.441,23.77202796936035,16.43903350830078,-9.338516235351562,
"May 16, 2023, 03:00 AM",82,-16.5628,13.441,23.491907119750977,16.414539337158203,-9.658588409423828,
"May 16, 2023, 04:00 AM",82,-16.5628,13.441,23.516239166259766,16.34227180480957,-10.063461303710938,
"May 16, 2023, 05:00 AM",82,-16.5628,13.441,23.84373664855957,16.2268123626709,-10.535061836242676,
"May 16, 2023, 06:00 AM",82,-16.5628,13.441,24.452438354492188,16.075727462768555,-11.049907684326172,
"May 16, 2023, 07:00 AM",82,-16.5628,13.441,25.301204681396484,15.898917198181152,-11.581389427185059,
"May 16, 2023, 08:00 AM",82,-16.5628,13.441,26.332504272460938,15.708089828491211,-12.101305961608887,
"May 16, 2023, 09:00 AM",82,-16.5628,13.441,27.476318359375,15.51585865020752,-12.581247329711914,
"May 16, 2023, 10:00 AM",82,-16.5628,13.441,28.654930114746094,15.334878921508789,-12.996733665466309,
"May 16, 2023, 11:00 AM",82,-16.5628,13.441,29.788188934326172,15.177045822143555,-13.325730323791504,
"May 16, 2023, 12:00 PM",82,-16.5628,13.441,30.798986434936523,15.052703857421875,-13.552376747131348,
"May 16, 2023, 01:00 PM",82,-16.5628,13.441,31.61852264404297,14.969831466674805,-13.667363166809082,
"May 16, 2023, 02:00 PM",82,-16.5628,13.441,32.190956115722656,14.933637619018555,-13.669516563415527,
"May 16, 2023, 03:00 PM",82,-16.5628,13.441,32.47732162475586,14.946074485778809,-13.565446853637695,
"May 16, 2023, 04:00 PM",82,-16.5628,13.441,32.45808029174805,15.005805015563965,-13.36866569519043,
"May 16, 2023, 05:00 PM",82,-16.5628,13.441,32.13453674316406,15.108309745788574,-13.099589347839355,
"May 16, 2023, 06:00 PM",82,-16.5628,13.441,31.52871322631836,15.24612045288086,-12.783720970153809,
"May 16, 2023, 07:00 PM",82,-16.5628,13.441,30.681921005249023,15.409415245056152,-12.450967788696289,
"May 16, 2023, 08:00 PM",82,-16.5628,13.441,29.651901245117188,15.586641311645508,-12.131847381591797,
"May 16, 2023, 09:00 PM",82,-16.5628,13.441,28.508968353271484,15.76528263092041,-11.857423782348633,
"May 16, 2023, 10:00 PM",82,-16.5628,13.441,27.331117630004883,15.932769775390625,-11.655177116394043,
"May 16, 2023, 11:00 PM",82,-16.5628,13.441,26.19881248474121,16.077354431152344,-11.549018859863281,
"May 17, 2023, 12:00 AM",82,-16.5628,13.441,25.189456939697266,16.188806533813477,-11.555854797363281,
"May 17, 2023, 01:00 AM",82,-16.5628,13.441,24.372116088867188,16.259227752685547,-11.685344696044922,
"May 17, 2023, 02:00 AM",82,-16.5628,13.441,23.802814483642578,16.283498764038086,-11.93836498260498,
"May 17, 2023, 03:00 AM",82,-16.5628,13.441,23.520709991455078,16.259605407714844,-12.308661460876465,
"May 17, 2023, 04:00 AM",82,-16.5628,13.441,23.545398712158203,16.188915252685547,-12.780470848083496,
"May 17, 2023, 05:00 AM",82,-16.5628,13.441,23.87557601928711,16.075891494750977,-13.331277847290039,
"May 17, 2023, 06:00 AM",82,-16.5628,13.441,24.489116668701172,15.92795467376709,-13.932799339294434,
"May 17, 2023, 07:00 AM",82,-16.5628,13.441,25.344554901123047,15.754837036132812,-14.552363395690918,
"May 17, 2023, 08:00 AM",82,-16.5628,13.441,26.383926391601562,15.567954063415527,-15.157156944274902,
"May 17, 2023, 09:00 AM",82,-16.5628,13.441,27.53667449951172,15.379667282104492,-15.713385581970215,
"May 17, 2023, 10:00 AM",82,-16.5628,13.441,28.724475860595703,15.202448844909668,-16.190677642822266,
"May 17, 2023, 11:00 AM",82,-16.5628,13.441,29.866579055786133,15.047920227050781,-16.56340217590332,
"May 17, 2023, 12:00 PM",82,-16.5628,13.441,30.885272979736328,14.926226615905762,-16.813661575317383,
"May 17, 2023, 01:00 PM",82,-16.5628,13.441,31.71121597290039,14.845211029052734,-16.930604934692383,
"May 17, 2023, 02:00 PM",82,-16.5628,13.441,32.28820037841797,14.809874534606934,-16.913591384887695,
"May 17, 2023, 03:00 PM",82,-16.5628,13.441,32.57691192626953,14.822232246398926,-16.770355224609375,
"May 17, 2023, 04:00 PM",82,-16.5628,13.441,32.55767822265625,14.880938529968262,-16.51743507385254,
"May 17, 2023, 05:00 PM",82,-16.5628,13.441,32.23180389404297,14.981565475463867,-16.180015563964844,
"May 17, 2023, 06:00 PM",82,-16.5628,13.441,31.621490478515625,15.11681079864502,-15.78832721710205,
"May 17, 2023, 07:00 PM",82,-16.5628,13.441,30.768394470214844,15.277002334594727,-15.377827644348145,
"May 17, 2023, 08:00 PM",82,-16.5628,13.441,29.73067855834961,15.4508056640625,-14.9846830368042,
"May 17, 2023, 09:00 PM",82,-16.5628,13.441,28.579174041748047,15.626016616821289,-14.645400047302246,
"May 17, 2023, 10:00 PM",82,-16.5628,13.441,27.392498016357422,15.790292739868164,-14.392467498779297,
"May 17, 2023, 11:00 PM",82,-16.5628,13.441,26.25172233581543,15.932125091552734,-14.253164291381836,
"May 18, 2023, 12:00 AM",82,-16.5628,13.441,25.234834671020508,16.041519165039062,-14.246798515319824,
"May 18, 2023, 01:00 AM",82,-16.5628,13.441,24.41143798828125,16.11064910888672,-14.38521957397461,
"May 18, 2023, 02:00 AM",82,-16.5628,13.441,23.83797836303711,16.13456916809082,-14.66904354095459,
"May 18, 2023, 03:00 AM",82,-16.5628,13.441,23.553903579711914,16.111303329467773,-15.0894136428833,
"May 18, 2023, 04:00 AM",82,-16.5628,13.441,23.578960418701172,16.04218292236328,-15.627970695495605,
"May 18, 2023, 05:00 AM",82,-16.5628,13.441,23.911834716796875,15.93159008026123,-16.257770538330078,
"May 18, 2023, 06:00 AM",82,-16.5628,13.441,24.53022003173828,15.786824226379395,-16.945749282836914,
"May 18, 2023, 07:00 AM",82,-16.5628,13.441,25.392353057861328,15.617329597473145,-17.654502868652344,
"May 18, 2023, 08:00 AM",82,-16.5628,13.441,26.43981170654297,15.4343843460083,-18.344234466552734,
"May 18, 2023, 09:00 AM",82,-16.5628,13.441,27.60150718688965,15.250067710876465,-18.975950241088867,
"May 18, 2023, 10:00 AM",82,-16.5628,13.441,28.79851722717285,15.076604843139648,-19.515079498291016,
"May 18, 2023, 11:00 AM",82,-16.5628,13.441,29.94945526123047,14.925413131713867,-19.93185806274414,
"May 18, 2023, 12:00 PM",82,-16.5628,13.441,30.976058959960938,14.806333541870117,-20.205760955810547,
"May 18, 2023, 01:00 PM",82,-16.5628,13.441,31.80846405029297,14.727110862731934,-20.32499885559082,
"May 18, 2023, 02:00 PM",82,-16.5628,13.441,32.38999557495117,14.692667961120605,-20.288253784179688,
"May 18, 2023, 03:00 PM",82,-16.5628,13.441,32.681060791015625,14.704934120178223,-20.10588264465332,
"May 18, 2023, 04:00 PM",82,-16.5628,13.441,32.661842346191406,14.762609481811523,-19.797435760498047,
"May 18, 2023, 05:00 PM",82,-16.5628,13.441,32.333656311035156,14.861379623413086,-19.39140510559082,
"May 18, 2023, 06:00 PM",82,-16.5628,13.441,31.718894958496094,14.993995666503906,-18.923912048339844,
"May 18, 2023, 07:00 PM",82,-16.5628,13.441,30.859493255615234,15.151071548461914,-18.4356746673584,
"May 18, 2023, 08:00 PM",82,-16.5628,13.441,29.814083099365234,15.321471214294434,-17.968793869018555,
"May 18, 2023, 09:00 PM",82,-16.5628,13.441,28.654027938842773,15.493252754211426,-17.56464385986328,
"May 18, 2023, 10:00 PM",82,-16.5628,13.441,27.458538055419922,15.654345512390137,-17.26055335998535,
"May 18, 2023, 11:00 PM",82,-16.5628,13.441,26.30930519104004,15.793400764465332,-17.087867736816406,
"May 19, 2023, 12:00 AM",82,-16.5628,13.441,25.284908294677734,15.900674819946289,-17.069265365600586,
"May 19, 2023, 01:00 AM",82,-16.5628,13.441,24.455467224121094,15.96851921081543,-17.216609954833984,
"May 19, 2023, 02:00 AM",82,-16.5628,13.441,23.877859115600586,15.992081642150879,-17.530784606933594,
"May 19, 2023, 03:00 AM",82,-16.5628,13.441,23.59183120727539,15.96943187713623,-18.00096893310547,
"May 19, 2023, 04:00 AM",82,-16.5628,13.441,23.617263793945312,15.901914596557617,-18.60601043701172,
"May 19, 2023, 05:00 AM",82,-16.5628,13.441,23.95284652709961,15.79373550415039,-19.31529426574707,
"May 19, 2023, 06:00 AM",82,-16.5628,13.441,24.57610321044922,15.652063369750977,-20.09026336669922,
"May 19, 2023, 07:00 AM",82,-16.5628,13.441,25.444944381713867,15.48620891571045,-20.88738441467285,
"May 19, 2023, 08:00 AM",82,-16.5628,13.441,26.500503540039062,15.3071928024292,-21.66202735900879,
"May 19, 2023, 09:00 AM",82,-16.5628,13.441,27.671154022216797,15.126842498779297,-22.369808197021484,
"May 19, 2023, 10:00 AM",82,-16.5628,13.441,28.87737274169922,14.95712947845459,-22.970457077026367,
"May 19, 2023, 11:00 AM",82,-16.5628,13.441,30.037195205688477,14.809211730957031,-23.431570053100586,
"May 19, 2023, 12:00 PM",82,-16.5628,13.441,31.07172393798828,14.69276237487793,-23.728788375854492,
"May 19, 2023, 01:00 PM",82,-16.5628,13.441,31.91057586669922,14.615339279174805,-23.849992752075195,
"May 19, 2023, 02:00 PM",82,-16.5628,13.441,32.49666976928711,14.581764221191406,-23.79410743713379,
"May 19, 2023, 03:00 PM",82,-16.5628,13.441,32.79010009765625,14.593966484069824,-23.572256088256836,
"May 19, 2023, 04:00 PM",82,-16.5628,13.441,32.77091598510742,14.650593757629395,-23.207653045654297,
"May 19, 2023, 05:00 PM",82,-16.5628,13.441,32.4404411315918,14.747434616088867,-22.733566284179688,
"May 19, 2023, 06:00 PM",82,-16.5628,13.441,31.82123374938965,14.877433776855469,-22.19051170349121,
"May 19, 2023, 07:00 PM",82,-16.5628,13.441,30.955543518066406,15.031377792358398,-21.62450408935547,
"May 19, 2023, 08:00 PM",82,-16.5628,13.441,29.902456283569336,15.1983642578125,-21.08356285095215,
"May 19, 2023, 09:00 PM",82,-16.5628,13.441,28.733858108520508,15.36672592163086,-20.61399269104004,
"May 19, 2023, 10:00 PM",82,-16.5628,13.441,27.52957534790039,15.524551391601562,-20.259199142456055,
